country,unemp_rate
Austria,6
Belgium,7.8
Bulgaria,7.6
Switzerland,5
Cyprus,13
Czechia,4
Germany,4.1
Denmark,6.2
Estonia,6.8
Greece,23.6
Spain,19.6
Finland,8.8
France,10.1
Croatia,13.1
Hungary,5.1
Ireland,8.4
Iceland,3
Italy,11.7
Lithuania,7.9
Luxembourg,6.3
Latvia,9.6
Malta,4.7
Netherlands,6
Norway,4.7
Poland,6.2
Portugal,11.2
Romania,5.9
Sweden,7
Slovenia,8
Slovakia,9.7
Turkey,10.9
United Kingdom,4.8
